fonte,titulo,tipo_arquivo,url_download,status_code,ativo,tamanho_kb,content_type,erro,verificado_em
ABDI,Acordos de Cooperação Técnica - Últimos 5 anos ,csv,https://transparencia.abdi.com.br/Documents/Dicionarios/ACTs%20-%20Planilha%20para%20Publica%C3%A7%C3%A3o%20(2).CSV,200.0,True,79.75,application/octet-stream,,2026-07-21 09:47:27
ABDI,Contratos - Últimos 5 anos ,csv,https://transparencia.abdi.com.br/Documents/Dicionarios/Contratos_Ultimos_5_anos%20Mar%C3%A7o.csv,200.0,True,127.07,application/octet-stream,,2026-07-21 09:47:27
ABDI,Convênios - ABDI Concedentes - Últimos 5 anos ,csv,https://transparencia.abdi.com.br/Documents/Dicionarios/SFormato%20TCU%20-%20Rela%C3%A7%C3%A3o%20de%20Conv%C3%AAnios%20Concedente%20-%202021%20a%202026%20e%20demais%20vigentes.CSV,200.0,True,79.75,application/octet-stream,,2026-07-21 09:47:27
ABDI,Convênios - ABDI Convenente - Últimos 5 anos ,csv,https://transparencia.abdi.com.br/Documents/Dicionarios/Formato%20TCU%20-%20Rela%C3%A7%C3%A3o%20de%20Conv%C3%AAnios%20Convenente%20-%202021%20a%202026%20e%20demais%20vigentes%20xlsx.CSV,200.0,True,79.75,application/octet-stream,,2026-07-21 09:47:27
ABDI,Corpo Técnico - Atual ,csv,https://transparencia.abdi.com.br/Documents/Dados_Abertos/Corpo_Tecnico_Atual.CSV,200.0,True,3.99,application/octet-stream,,2026-07-21 09:47:27
ABDI,Demonstrações Contábeis - Balanço Orçamentário - Receitas 2025 ,csv,https://transparencia.abdi.com.br/Documents/Dados_Abertos/Demonstracoes_Contabeis_Balanco_Orcamentario_Receita%201(in)%20(1).csv,200.0,True,1.58,application/octet-stream,,2026-07-21 09:47:27
ABDI,Demonstrações Contábeis - Balanço Orçamentário - Despesas 2025 ,csv,https://transparencia.abdi.com.br/Documents/Dados_Abertos/Demonstracoes_Contabeis_Balanco_Orcamentario_Despesa%202025.csv,200.0,True,3.76,application/octet-stream,,2026-07-21 09:47:27
ABDI,Demonstrações Contábeis - Balanço Orçamentário - 2024 ,csv,https://transparencia.abdi.com.br/Documents/Dados_Abertos/Demonstracoes_Contabeis_Balanco_Orcamentario_2024.csv,200.0,True,4.57,application/octet-stream,,2026-07-21 09:47:27
ABDI,Demonstrações Contábeis - Balanço Orçamentário - 2023 ,csv,https://transparencia.abdi.com.br/Documents/Dados_Abertos/Demonstracoes_Contabeis_Balanco_Orcamentario_2023.csv,200.0,True,14.16,application/octet-stream,,2026-07-21 09:47:27
ABDI,Demonstrações Contábeis - Balanço Orçamentário - 2022 ,csv,https://transparencia.abdi.com.br/Documents/Dados_Abertos/Demonstracoes_Contabeis_Balanco_Orcamentario_2022.csv,200.0,True,13.09,application/octet-stream,,2026-07-21 09:47:27
ABDI,Demonstrações Contábeis - Balanço Patrimonial - 1º Trimestre 2024 ,csv,https://transparencia.abdi.com.br/Documents/Dados_Abertos/Demonstracoes_Contabeis_BP_1_Trimestre_2024.CSV,200.0,True,0.0,application/octet-stream,,2026-07-21 09:47:27
ABDI,Demonstrações Contábeis - Balanço Patrimonial - 2º Trimestre 2024 ,csv,https://transparencia.abdi.com.br/Documents/Dados_Abertos/Demonstracoes_Contabeis_BP_2_Trimestre_2024.CSV,200.0,True,7.22,application/octet-stream,,2026-07-21 09:47:27
ABDI,Demonstrações Contábeis - Balanço Patrimonial - 3º Trimestre 2024 ,csv,https://transparencia.abdi.com.br/Documents/Dados_Abertos/Demonstracoes_Contabeis_BP_3_Trimestre_2024.CSV,200.0,True,7.76,application/octet-stream,,2026-07-21 09:47:27
ABDI,Demonstrações Contábeis - Balanço Patrimonial - 2025 ,csv,https://transparencia.abdi.com.br/Documents/Dicionarios/Demostra%C3%A7%C3%B5es_Contabeis_Balan%C3%A7o_Patrimonial_%202025.csv,200.0,True,3.0,application/octet-stream,,2026-07-21 09:47:27
ABDI,Demonstrações Contábeis - Balanço Patrimonial - 2024 ,csv,https://transparencia.abdi.com.br/Documents/Dados_Abertos/Demonstracoes_Contabeis_Balanco_Patrimonial_2024.csv,200.0,True,2.89,application/octet-stream,,2026-07-21 09:47:27
ABDI,Demonstrações Contábeis - BP - 1º Trimestre 2025 ,csv,https://transparencia.abdi.com.br/Documents/Dados_Abertos/Demonstracoes_Contabeis_BP_1_Trimestre_2025.CSV,200.0,True,2.94,application/octet-stream,,2026-07-21 09:47:27
ABDI,Demonstrações Contábeis - Balanço Patrimonial - 3º Trimestre 2025 ,csv,https://transparencia.abdi.com.br/Documents/Dados_Abertos/Demonstracoes_Contabeis_BP%203%C2%BA%20tri%202025.csv,200.0,True,4.55,application/octet-stream,,2026-07-21 09:47:27
ABDI,Demonstrações Resultados dos Exercícios 3° Trimestre/2025 ,csv,https://transparencia.abdi.com.br/Documents/Dados_Abertos/Demonstracoes_Contabeis_DRE%203%C2%BA%20tri%202025.csv,200.0,True,1.58,application/octet-stream,,2026-07-21 09:47:27
ABDI,Demonstrações Fluxo de Caixas 3º Trimestre 2025 ,csv,https://transparencia.abdi.com.br/Documents/Dados_Abertos/Demonstracoes_Contabeis_DFC%203%C2%BA%20tri%202025.csv,200.0,True,1.41,application/octet-stream,,2026-07-21 09:47:27
ABDI,Demonstrações Contábeis - Balanço Patrimonial - 2023 ,csv,https://transparencia.abdi.com.br/Documents/Dados_Abertos/Demonstracoes_Contabeis_Balanco_Patrimonial_2023.CSV,200.0,True,6.78,application/octet-stream,,2026-07-21 09:47:27
ABDI,Demonstrações Contábeis - Balanço Patrimonial - 2022 ,csv,https://transparencia.abdi.com.br/Documents/Dados_Abertos/Demonstracoes_Contabeis_Balanco_Patrimonial_2022.CSV,200.0,True,7.56,application/octet-stream,,2026-07-21 09:47:27
ABDI,Demonstrações Contábeis - DRE - 1º Trimestre 2024 ,csv,https://transparencia.abdi.com.br/Documents/Dados_Abertos/Demonstracoes_Contabeis_DRE_1_Trimestre_2024.CSV,200.0,True,2.02,application/octet-stream,,2026-07-21 09:47:27
ABDI,Demonstrações Contábeis - DRE - 2º Trimestre 2024 ,csv,https://transparencia.abdi.com.br/Documents/Dados_Abertos/Demonstracoes_Contabeis_DRE_2_Trimestre_2024.CSV,200.0,True,11.82,application/octet-stream,,2026-07-21 09:47:27
ABDI,Demonstrações Contábeis - DRE - 3º Trimestre 2024 ,csv,https://transparencia.abdi.com.br/Documents/Dados_Abertos/Demonstracoes_Contabeis_DRE_3_Trimestre_2024.CSV,200.0,True,11.9,application/octet-stream,,2026-07-21 09:47:27
ABDI,Demonstrações Contábeis - DRE - 2025 ,csv,https://transparencia.abdi.com.br/Documents/Dicionarios/Demonstracoes_Contabeis_DRE(in).csv,200.0,True,2.04,application/octet-stream,,2026-07-21 09:47:27
ABDI,Demonstrações Contábeis - DRE - 2024 ,csv,https://transparencia.abdi.com.br/Documents/Dados_Abertos/Demonstracoes_Contabeis_DRE_2024.CSV,200.0,True,7.79,application/octet-stream,,2026-07-21 09:47:27
ABDI,Demonstrações Contábeis - DRE - 1º Trimestre 2025 ,csv,https://transparencia.abdi.com.br/Documents/Dados_Abertos/Demonstracoes_Contabeis_DRE_1_Trimestre_2025.CSV,200.0,True,7.59,application/octet-stream,,2026-07-21 09:47:27
ABDI,Demonstrações Contábeis - DRE - 2023 ,csv,https://transparencia.abdi.com.br/Documents/Dados_Abertos/Demonstracoes_Contabeis_DRE_2023.CSV,200.0,True,3.16,application/octet-stream,,2026-07-21 09:47:27
ABDI,Demonstrações Contábeis - DRE - 2022 ,csv,https://transparencia.abdi.com.br/Documents/Dados_Abertos/Demonstracoes_Contabeis_DRE_2022.CSV,200.0,True,17.69,application/octet-stream,,2026-07-21 09:47:27
ABDI,Demonstrações Contábeis - DFC - 1º Trimestre 2024 ,csv,https://transparencia.abdi.com.br/Documents/Dados_Abertos/Demonstracoes_Contabeis_DFC_1_Trimestre_2024.CSV,200.0,True,1.65,application/octet-stream,,2026-07-21 09:47:27
ABDI,Demonstrações Contábeis - DFC - 2º Trimestre 2024 ,csv,https://transparencia.abdi.com.br/Documents/Dados_Abertos/Demonstracoes_Contabeis_DFC_2_Trimestre_2024.CSV,200.0,True,2.7,application/octet-stream,,2026-07-21 09:47:27
ABDI,Demonstrações Contábeis - DFC - 3º Trimestre 2024 ,csv,https://transparencia.abdi.com.br/Documents/Dados_Abertos/Demonstracoes_Contabeis_DFC_3_Trimestre_2024.CSV,200.0,True,2.69,application/octet-stream,,2026-07-21 09:47:27
ABDI,Demonstrações Contábeis - DFC - 2025 ,csv,https://transparencia.abdi.com.br/Documents/Dados_Abertos/Demonstracoes_Contabeis_DFC%201(in).csv,200.0,True,1.55,application/octet-stream,,2026-07-21 09:47:27
ABDI,Demonstrações Contábeis - DFC - 2024 ,csv,https://transparencia.abdi.com.br/Documents/Dados_Abertos/Demonstracoes_Contabeis_DFC_2024.CSV,200.0,True,1.47,application/octet-stream,,2026-07-21 09:47:27
ABDI,Demonstrações Contábeis - DMPL - 2025 ,csv,https://transparencia.abdi.com.br/Documents/Dados_Abertos/Demonstracoes_Contabeis_DMPL%201(in).csv,200.0,True,1.14,application/octet-stream,,2026-07-21 09:47:27
ABDI,Demonstrações Contábeis - DMPL - 2024 ,csv,https://transparencia.abdi.com.br/Documents/Dados_Abertos/Demonstracoes_Contabeis_DMPL_2024.CSV,200.0,True,0.75,application/octet-stream,,2026-07-21 09:47:27
ABDI,Demonstrações Contábeis - DMPL - 2023 ,csv,https://transparencia.abdi.com.br/Documents/Dados_Abertos/Demonstracoes_Contabeis_DMPL_2023.CSV,200.0,True,2.39,application/octet-stream,,2026-07-21 09:47:27
ABDI,Demonstrações Contábeis - DMPL - 2022 ,csv,https://transparencia.abdi.com.br/Documents/Dados_Abertos/Demonstracoes_Contabeis_DMPL_2022.CSV,200.0,True,1.94,application/octet-stream,,2026-07-21 09:47:27
ABDI,Demonstrações Contábeis - Notas Explicativas - 2024 ,rtf,https://transparencia.abdi.com.br/Documents/Dados_Abertos/Notas_Explicativas_2024.rtf,200.0,True,834.92,application/rtf,,2026-07-21 09:47:27
ABDI,Despesas por Modalidade de Licitação - 2025 ,csv,https://transparencia.abdi.com.br/Documents/Dados_Abertos/Despesas_por_Modalidade_de_Licitacao_2025.CSV,200.0,True,0.32,application/octet-stream,,2026-07-21 09:47:27
ABDI,Despesas Pagas - Últimos 5 anos ,csv,https://transparencia.abdi.com.br/Documents/Dicionarios/2021%20-%20Junho.2026(2021%20-%2006%20csv.csv,200.0,True,3046.29,application/octet-stream,,2026-07-21 09:47:27
ABDI,Diretoria Executiva e Conselheiros - Atual ,csv,https://transparencia.abdi.com.br/Documents/Dados_Abertos/Diretoria_Executiva_e_Conselheiros_Atual.CSV,200.0,True,3.81,application/octet-stream,,2026-07-21 09:47:27
ABDI,Execução Orçamentária - Ações - 2025 ,csv,https://transparencia.abdi.com.br/Documents/Dados_Abertos/Execucao_Orcamentaria_Acoes_2025.csv,200.0,True,1.8,application/octet-stream,,2026-07-21 09:47:27
ABDI,Execução Orçamentária - Ações - Retificado - 2024 ,csv,https://transparencia.abdi.com.br/Documents/Dados_Abertos/Execucao_Orcamentaria_Acoes_Retificado_2024.CSV,200.0,True,4.38,application/octet-stream,,2026-07-21 09:47:27
ABDI,Execução Orçamentária - Síntese da Despesa - Retificado - 2024 ,csv,https://transparencia.abdi.com.br/Documents/Dados_Abertos/Execucao_Orcamentaria_Receita_x_Despesa_Retificado_2024.CSV,200.0,True,0.56,application/octet-stream,,2026-07-21 09:47:27
ABDI,Execução Orçamentária - Ações - 2024 ,csv,https://transparencia.abdi.com.br/Documents/Dados_Abertos/Execucao_Orcamentaria_Acoes_2024.CSV,200.0,True,0.49,application/octet-stream,,2026-07-21 09:47:27
ABDI,Execução Orçamentária - Ações - 2023 ,csv,https://transparencia.abdi.com.br/Documents/Dados_Abertos/Execucao_Orcamentaria_Acoes_2023.CSV,200.0,True,3.29,application/octet-stream,,2026-07-21 09:47:27
ABDI,Execução Orçamentária - Ações - 2022 ,csv,https://transparencia.abdi.com.br/Documents/Dados_Abertos/Execucao_Orcamentaria_Acoes_2022.CSV,200.0,True,4.39,application/octet-stream,,2026-07-21 09:47:27
ABDI,Execução_Orcamentaria - Arrecadação - 2026,csv,https://transparencia.abdi.com.br/Documents/Dicionarios/Execucao_Orcamentaria_Arrecadacao_2026.csv,200.0,True,0.31,application/octet-stream,,2026-07-21 09:47:27
ABDI,Execução Orçamentária - Arrecadação - 2025 ,csv,https://transparencia.abdi.com.br/Documents/Dados_Abertos/Execucao_Orcamentaria_Arrecadacao_2025.CSV,200.0,True,0.61,application/octet-stream,,2026-07-21 09:47:27
ABDI,Execução Orçamentária - Arrecadação - Retificado - 2024 ,csv,https://transparencia.abdi.com.br/Documents/Dados_Abertos/Execucao_Orcamentaria_Arrecadacao_Mensal_Retificado_2024.CSV,200.0,True,0.49,application/octet-stream,,2026-07-21 09:47:27
ABDI,Execução Orçamentária - Arrecadação - 2024 ,csv,https://transparencia.abdi.com.br/Documents/Dados_Abertos/Execucao_Orcamentaria_Arrecadacao_2024.CSV,200.0,True,1.38,application/octet-stream,,2026-07-21 09:47:27
ABDI,Execução Orçamentária - Arrecadação - 2023 ,csv,https://transparencia.abdi.com.br/Documents/Dados_Abertos/Execucao_Orcamentaria_Arrecadacao_2023.CSV,200.0,True,1.23,application/octet-stream,,2026-07-21 09:47:27
ABDI,Execução Orçamentária - Arrecadação - 2022 ,csv,https://transparencia.abdi.com.br/Documents/Dados_Abertos/Execucao_Orcamentaria_Arrecadacao_2022.CSV,200.0,True,1.27,application/octet-stream,,2026-07-21 09:47:27
ABDI,Execução Orçamentária - Despesa - 2026 ,csv,https://transparencia.abdi.com.br/Documents/Dicionarios/Execucao_Orcamentaria_Despesas_2026.csv,200.0,True,2.03,application/octet-stream,,2026-07-21 09:47:27
ABDI,Execução Orçamentária - Despesa - 2025 ,csv,https://transparencia.abdi.com.br/Documents/Dados_Abertos/Execucao_Orcamentaria_Despesa_2025.CSV,200.0,True,2.63,application/octet-stream,,2026-07-21 09:47:27
ABDI,Execução Orçamentária - Despesa - 2024 ,csv,https://transparencia.abdi.com.br/Documents/Dados_Abertos/Execucao_Orcamentaria_Despesa_2024.CSV,200.0,True,5.66,application/octet-stream,,2026-07-21 09:47:27
ABDI,Execução Orçamentária - Despesa - 2023 ,csv,https://transparencia.abdi.com.br/Documents/Dados_Abertos/Execucao_Orcamentaria_Despesa_2023.CSV,200.0,True,5.85,application/octet-stream,,2026-07-21 09:47:27
ABDI,Execução Orçamentária - Despesa - 2022 ,csv,https://transparencia.abdi.com.br/Documents/Dados_Abertos/Execucao_Orcamentaria_Despesa_2022.CSV,200.0,True,5.36,application/octet-stream,,2026-07-21 09:47:27
ABDI,Execução Orçamentária - Fluxo de Caixa - 2026 ,csv,https://transparencia.abdi.com.br/Documents/Dicionarios/Execucao_Orcamentaria_Fluxo_de_Caixa_2026.csv,200.0,True,0.96,application/octet-stream,,2026-07-21 09:47:27
ABDI,Execução Orçamentária - Fluxo de Caixa - 2025 ,csv,https://transparencia.abdi.com.br/Documents/Dados_Abertos/Execucao_Orcamentaria_Fluxo_de_Caixa_2025.csv,200.0,True,2.76,application/octet-stream,,2026-07-21 09:47:27
ABDI,Execução Orçamentária - Fluxo de Caixa - Retificado - 2024 ,csv,https://transparencia.abdi.com.br/Documents/Dados_Abertos/Execucao_Orcamentaria_Fluxo_de_Caixa_Retificado_2024.CSV,200.0,True,2.52,application/octet-stream,,2026-07-21 09:47:27
ABDI,Execução Orçamentária - Fluxo de Caixa - 2024 ,csv,https://transparencia.abdi.com.br/Documents/Dados_Abertos/Execucao_Orcamentaria_Fluxo_de_Caixa_2024.CSV,200.0,True,5.19,application/octet-stream,,2026-07-21 09:47:27
ABDI,Execução Orçamentária - Fluxo de Caixa - 2023 ,csv,https://transparencia.abdi.com.br/Documents/Dados_Abertos/Execucao_Orcamentaria_Fluxo_de_Caixa_2023.CSV,200.0,True,4.82,application/octet-stream,,2026-07-21 09:47:27
ABDI,Execução Orçamentária - Fluxo de Caixa - 2022 ,csv,https://transparencia.abdi.com.br/Documents/Dados_Abertos/Execucao_Orcamentaria_Fluxo_de_Caixa_2022.CSV,200.0,True,3.24,application/octet-stream,,2026-07-21 09:47:27
ABDI,Execução Orçamentária - Fontes de Recursos - 2026 ,csv,https://transparencia.abdi.com.br/Documents/Dicionarios/Execucao_Orcamentaria_Fontes_de_Recursos_2026.csv,200.0,True,0.78,application/octet-stream,,2026-07-21 09:47:27
ABDI,Execução Orçamentária - Fontes de Recursos - 2025 ,csv,https://transparencia.abdi.com.br/Documents/Dados_Abertos/Execucao_Orcamentaria_Fontes_de_Recursos_2025.CSV,200.0,True,0.64,application/octet-stream,,2026-07-21 09:47:27
ABDI,Execução Orçamentária - Fontes de Recursos - Retificado - 2024 ,csv,https://transparencia.abdi.com.br/Documents/Dados_Abertos/Execucao_Orcamentaria_Fontes_de_Recursos_Retificado_2024.CSV,200.0,True,0.56,application/octet-stream,,2026-07-21 09:47:27
ABDI,Execução Orçamentária - Fontes de Recursos - 2024 ,csv,https://transparencia.abdi.com.br/Documents/Dados_Abertos/Execucao_Orcamentaria_Fontes_de_Recursos_2024.CSV,200.0,True,1.0,application/octet-stream,,2026-07-21 09:47:27
ABDI,Execução Orçamentária - Fontes de Recursos - 2023 ,csv,https://transparencia.abdi.com.br/Documents/Dados_Abertos/Execucao_Orcamentaria_Fontes_de_Recursos_2023.CSV,200.0,True,0.86,application/octet-stream,,2026-07-21 09:47:27
ABDI,Execução Orçamentária - Fontes de Recursos - 2022 ,csv,https://transparencia.abdi.com.br/Documents/Dados_Abertos/Execucao_Orcamentaria_Fontes_de_Recursos_2022.CSV,200.0,True,0.98,application/octet-stream,,2026-07-21 09:47:27
ABDI,Execução Orçamentária - Receita - 2026 ,csv,https://transparencia.abdi.com.br/Documents/Dicionarios/Execucao_Orcamentaria_Receita_2026.csv,200.0,True,1.31,application/octet-stream,,2026-07-21 09:47:27
ABDI,Execução Orçamentária - Receita - 2025 ,csv,https://transparencia.abdi.com.br/Documents/Dados_Abertos/Execucao_Orcamentaria_Receita_2025.CSV,200.0,True,1.29,application/octet-stream,,2026-07-21 09:47:27
ABDI,Execução Orçamentária - Receita - Retificado - 2024 ,csv,https://transparencia.abdi.com.br/Documents/Dados_Abertos/Execucao_Orcamentaria_Receita_Retificado_2024.CSV,200.0,True,1.0,application/octet-stream,,2026-07-21 09:47:27
ABDI,Execução Orçamentária - Receita - 2024 ,csv,https://transparencia.abdi.com.br/Documents/Dados_Abertos/Execucao_Orcamentaria_Receita_2024.CSV,200.0,True,2.59,application/octet-stream,,2026-07-21 09:47:27
ABDI,Execução Orçamentária - Receita - 2023 ,csv,https://transparencia.abdi.com.br/Documents/Dados_Abertos/Execucao_Orcamentaria_Receita_2023.CSV,200.0,True,2.64,application/octet-stream,,2026-07-21 09:47:27
ABDI,Execução Orçamentária - Receita - 2022 ,csv,https://transparencia.abdi.com.br/Documents/Dados_Abertos/Execucao_Orcamentaria_Receita_2022.CSV,200.0,True,2.76,application/octet-stream,,2026-07-21 09:47:27
ABDI,Execução Orçamentária - Receita x Despesa - 2026 ,csv,https://transparencia.abdi.com.br/Documents/Dicionarios/Execucao_Orcamentaria_Receita_x_Despesa_2026.csv,200.0,True,0.66,application/octet-stream,,2026-07-21 09:47:27
ABDI,Execução Orçamentária - Receita x Despesa - 2025,csv,https://transparencia.abdi.com.br/Documents/Dados_Abertos/Execucao_Orcamentaria_Receita_x_Despesa_2025.csv,200.0,True,0.52,application/octet-stream,,2026-07-21 09:47:27
ABDI,Execução Orçamentária - Receita x Despesa - Retificado - 2024 ,csv,https://transparencia.abdi.com.br/Documents/Dados_Abertos/Execucao_Orcamentaria_Receita_x_Despesa_Retificado_2024.CSV,200.0,True,0.56,application/octet-stream,,2026-07-21 09:47:27
ABDI,Execução Orçamentária - Receita x Despesa - 2024 ,csv,https://transparencia.abdi.com.br/Documents/Dados_Abertos/Execucao_Orcamentaria_Receita_x_Despesa_2024.CSV,200.0,True,1.49,application/octet-stream,,2026-07-21 09:47:27
ABDI,Execução Orçamentária - Receita x Despesa - 2023 ,csv,https://transparencia.abdi.com.br/Documents/Dados_Abertos/Execucao_Orcamentaria_Receita_x_Despesa_2023.CSV,200.0,True,1.15,application/octet-stream,,2026-07-21 09:47:27
ABDI,Execução Orçamentária - Receita x Despesa - 2022 ,csv,https://transparencia.abdi.com.br/Documents/Dados_Abertos/Execucao_Orcamentaria_Receita_x_Despesa_2022.CSV,200.0,True,1.33,application/octet-stream,,2026-07-21 09:47:27
ABDI,Execução Orçamentária - Resultados Financeiros - 2026,csv,https://transparencia.abdi.com.br/Documents/Dicionarios/Execucao_Orcamentaria_Resultados_Financeiros_2026.csv,200.0,True,0.35,application/octet-stream,,2026-07-21 09:47:27
ABDI,Execução Orçamentária - Resultados Financeiros - 2025,csv,https://transparencia.abdi.com.br/Documents/Dados_Abertos/Execucao_Orcamentaria_Resultados_Financeiros_2025.CSV,200.0,True,0.16,application/octet-stream,,2026-07-21 09:47:27
ABDI,Execução Orçamentária - Resultados Financeiros - Retificado - 2024 ,csv,https://transparencia.abdi.com.br/Documents/Dados_Abertos/Execucao_Orcamentaria_Resultados_Financeiros_Retificado_2024.CSV,200.0,True,0.11,application/octet-stream,,2026-07-21 09:47:27
ABDI,Execução Orçamentária - Resultados Financeiros - 2024 ,csv,https://transparencia.abdi.com.br/Documents/Dados_Abertos/Execucao_Orcamentaria_Resultados_Financeiros_2024.CSV,200.0,True,0.34,application/octet-stream,,2026-07-21 09:47:27
ABDI,Execução Orçamentária - Resultados Financeiros - 2023 ,csv,https://transparencia.abdi.com.br/Documents/Dados_Abertos/Execucao_Orcamentaria_Resultados_Financeiros_2023.CSV,200.0,True,0.29,application/octet-stream,,2026-07-21 09:47:27
ABDI,Execução Orçamentária - Resultados Financeiros - 2022 ,csv,https://transparencia.abdi.com.br/Documents/Dados_Abertos/Execucao_Orcamentaria_Resultados_Financeiros_2022.CSV,200.0,True,0.27,application/octet-stream,,2026-07-21 09:47:27
ABDI,Execução Orçamentária - Resumo - 2026 ,csv,https://transparencia.abdi.com.br/Documents/Dicionarios/Execucao_Orcamentaria_Resumo_2026.csv,200.0,True,0.62,application/octet-stream,,2026-07-21 09:47:27
ABDI,Execução Orçamentária - Resumo - 2025 ,csv,https://transparencia.abdi.com.br/Documents/Dados_Abertos/Execucao_Orcamentaria_Resumo_2025.CSV,200.0,True,0.51,application/octet-stream,,2026-07-21 09:47:27
ABDI,Execução Orçamentária - Resumo - Retificado - 2024 ,csv,https://transparencia.abdi.com.br/Documents/Dados_Abertos/Execucao_Orcamentaria_Resumo_Retificado_2024.CSV,200.0,True,0.46,application/octet-stream,,2026-07-21 09:47:27
ABDI,Execução Orçamentária - Resumo - 2024 ,csv,https://transparencia.abdi.com.br/Documents/Dados_Abertos/Execucao_Orcamentaria_Resumo_2024.CSV,200.0,True,0.77,application/octet-stream,,2026-07-21 09:47:27
ABDI,Execução Orçamentária - Resumo - 2023 ,csv,https://transparencia.abdi.com.br/Documents/Dados_Abertos/Execucao_Orcamentaria_Resumo_2023.CSV,200.0,True,0.7,application/octet-stream,,2026-07-21 09:47:27
ABDI,Execução Orçamentária - Resumo - 2022 ,csv,https://transparencia.abdi.com.br/Documents/Dados_Abertos/Execucao_Orcamentaria_Resumo_2022.CSV,200.0,True,0.8,application/octet-stream,,2026-07-21 09:47:27
ABDI,Execução Orçamentária - Saldo de Exercícios Anteriores - 2025 ,csv,https://transparencia.abdi.com.br/Documents/Dados_Abertos/Execucao_Orcamentaria_Saldo_de_Exercicios_Anteriores_2025.CSV,200.0,True,0.45,application/octet-stream,,2026-07-21 09:47:27
ABDI,Execução Orçamentária - Saldo de Exercícios Anteriores - Retificado - 2024 ,csv,https://transparencia.abdi.com.br/Documents/Dados_Abertos/Execucao_Orcamentaria_Saldo_de_Exercicios_Anteriores_Retificado_2024.CSV,200.0,True,0.41,application/octet-stream,,2026-07-21 09:47:27
ABDI,Execução Orçamentária - Saldo de Exercícios Anteriores - 2024 ,csv,https://transparencia.abdi.com.br/Documents/Dados_Abertos/Execucao_Orcamentaria_Saldo_de_Exercicios_Anteriores_2024.CSV,200.0,True,1.41,application/octet-stream,,2026-07-21 09:47:27
ABDI,Execução Orçamentária - Saldo de Exercícios Anteriores - 2023 ,csv,https://transparencia.abdi.com.br/Documents/Dados_Abertos/Execucao_Orcamentaria_Saldo_de_Exercicios_Anteriores_2023.CSV,200.0,True,1.31,application/octet-stream,,2026-07-21 09:47:27
ABDI,Execução Orçamentária - Saldo de Exercícios Anteriores - 2022 ,csv,https://transparencia.abdi.com.br/Documents/Dados_Abertos/Execucao_Orcamentaria_Saldo_de_Exercicios_Anteriores_2022.CSV,200.0,True,1.42,application/octet-stream,,2026-07-21 09:47:27
ABDI,Execução Orçamentária - Despesa - PAA - 2025 ,csv,https://transparencia.abdi.com.br/Documents/Dados_Abertos/Execucao_Orcamentaria_Despesa_PAA_2025.csv,200.0,True,0.82,application/octet-stream,,2026-07-21 09:47:27
ABDI,Execução Orçamentária - Despesa - PDP - 2025 ,csv,https://transparencia.abdi.com.br/Documents/Dados_Abertos/Execucao_Orcamentaria_Despesa_PDP_2025.csv,404.0,False,0.0,,,2026-07-21 09:47:27
ABDI,Execução Orçamentária - Síntese de Despesa - 2025 ,csv,https://transparencia.abdi.com.br/Documents/Dados_Abertos/Execucao_Orcamentaria_Sintese_de_Despesa_2025.csv,200.0,True,0.43,application/octet-stream,,2026-07-21 09:47:27
ABDI,Execução Orçamentária - Despesa - PAA - Retificado - 2024 ,csv,https://transparencia.abdi.com.br/Documents/Dados_Abertos/Execucao_Orcamentaria_Despesa_PAA_Retificado_2024.CSV,200.0,True,0.95,application/octet-stream,,2026-07-21 09:47:27
ABDI,Execução Orçamentária - Despesa - PDP - Retificado - 2024 ,csv,https://transparencia.abdi.com.br/Documents/Dados_Abertos/Execucao_Orcamentaria_Despesa_PDP_Retificado_2024.CSV,200.0,True,1.4,application/octet-stream,,2026-07-21 09:47:27
ABDI,Execução Orçamentária - Síntese de Despesa - 2024 ,csv,https://transparencia.abdi.com.br/Documents/Dados_Abertos/Execucao_Orcamentaria_Sintese_de_Despesa_Retificado_2024.CSV,200.0,True,0.34,application/octet-stream,,2026-07-21 09:47:27
ABDI,Licitações - Últimos 5 anos ,csv,https://transparencia.abdi.com.br/Documents/Dicionarios/Licitacoes_Ultimos_5_anos%20Mar%C3%A7o.csv,200.0,True,383.21,application/octet-stream,,2026-07-21 09:47:27
ABDI,Plano de Contas - Ações Orçamentárias ,csv,https://transparencia.abdi.com.br/Documents/Dados_Abertos/Plano_Contas_Acoes_Orcamentarias.CSV,200.0,True,0.46,application/octet-stream,,2026-07-21 09:47:27
ABDI,Plano de Contas - Balanço Orçamentário,csv,https://transparencia.abdi.com.br/Documents/Dados_Abertos/Plano_Contas_Balanco_Orcamentario.CSV,200.0,True,3.63,application/octet-stream,,2026-07-21 09:47:27
ABDI,Plano de Contas - Despesas e Receitas Orçamentárias ,csv,http://Dados_Abertos/Plano_Contas_Acoes_Orcamentarias.CSV,,False,,,"HTTPConnectionPool(host='dados_abertos', port=80): Max retries exceeded with url: /Plano_Contas_Acoes_Orcamentarias.CSV (Caused by NameResolutionError(""HTTPConnection(host='dados_abertos', port=80): Failed to resolve 'dados_abertos' ([Errno 11001] getaddrinfo failed)""))",2026-07-21 09:47:27
ABDI,Plano de Contas - Fontes Orçamentárias,csv,https://transparencia.abdi.com.br/Documents/Dados_Abertos/Plano_Contas_Fontes_Orcamentarias.csv,200.0,True,0.34,application/octet-stream,,2026-07-21 09:47:27
ABDI,Plano de Contas - Balanço Patrimonial ,csv,https://transparencia.abdi.com.br/Documents/Dados_Abertos/Plano_Contas_BP.CSV,200.0,True,4.78,application/octet-stream,,2026-07-21 09:47:27
ABDI,Plano de Contas - DRE,csv,https://transparencia.abdi.com.br/Documents/Dicionarios/Plano%20de%20Contas%20-%20DRE(in).csv,200.0,True,1.35,application/octet-stream,,2026-07-21 09:47:27
ABDI,Publicidade e Propaganda - Últimos 5 anos ,csv,https://transparencia.abdi.com.br/Documents/Dicionarios/Publicidade_e_Propaganda_Ultimos_5_anos.CSV,200.0,True,3.28,application/octet-stream,,2026-07-21 09:47:27
ABDI,Relação de Empregados por Faixa Salarial -Atual ,csv,https://transparencia.abdi.com.br/Documents/Dicionarios/Relacao_de_Empregados_por_Faixa_Salarial_%20Ultimos_5_anos%2005-2026.csv,200.0,True,170.54,application/octet-stream,,2026-07-21 09:47:27
ABDI,Viagens - Últimos 5 anos ,csv,https://transparencia.abdi.com.br/Documents/Dicionarios/Viagens_Ultimos_5_anos%20(3).csv,200.0,True,822.22,application/octet-stream,,2026-07-21 09:47:27
